setting,accuracy,f1_macro,roc_auc_ovr
no_augmentation,0.5588235294117647,0.5461038961038961,0.8492216117216117
with_augmentation,0.5882352941176471,0.5821288515406163,0.835576923076923
