representation,silhouette,nmi,ami
original,0.13509409053207638,0.8324544328265131,0.8310541674536853
reduced,0.458576569058882,0.993687305306554,0.9936338439311527
