model,accuracy,f1_macro,roc_auc_ovr
svm_single,0.5588235294117647,0.5461038961038961,0.8492216117216117
voting_ensemble,0.5882352941176471,0.5484210526315789,0.8814102564102564
