representation,silhouette,nmi,ami
original,0.07862168877926293,0.08082769115498437,0.040850719564055164
reduced,0.13734699725421362,0.30447794830162345,0.27515595425820394
