strategy,accuracy,f1_macro,roc_auc_ovr
holdout_no_cv,0.6764705882352942,0.6583971583971584,0.8984432234432236
cv_5fold,0.5588235294117647,0.5461038961038961,0.8492216117216117
