method,param,cv_accuracy
sift_bovw,150,0.6030595813204509
fourier,64,0.2793880837359098
